movieId,tmdbId
1,13
2,22
3,155
4,218
5,274
6,278
7,603
8,807
9,1858
10,6977
11,8363
12,8844
13,14752
14,17478
15,20453
16,27205
17,37165
18,39053
19,49026
20,61202
21,76341
22,83533
23,117691
24,118340
25,120467
26,122906
27,126400
28,138122
29,146233
30,157336
31,210577
32,244786
33,245891
34,270303
35,277834
36,284052
37,286217
38,297222
39,299536
40,300668
41,313369
42,324552
43,360814
44,378236
45,419430
46,447332
47,455207
48,458156
49,493922
50,496243
51,496320
52,503919
53,507244
54,530385
55,533535
56,534780
57,546554
58,549669
59,577328
60,597089
61,634649
62,639988
63,669275
64,680493
65,687163
66,848116
67,875828
68,967941
69,1084242
70,1146210
71,1161617
72,1202888
73,1236153
74,1259102
75,1265609
76,1291608
77,1316092
78,1317288
79,1582770
80,1611398
